product_id,image_path,category,product_name
backpack_0_1771054472729,data/images\backpack_0_1771054472729.jpg,backpack,backpack_0_1771054472729
backpack_10_1771054475342,data/images\backpack_10_1771054475342.jpg,backpack,backpack_10_1771054475342
backpack_11_1771054475787,data/images\backpack_11_1771054475787.jpg,backpack,backpack_11_1771054475787
backpack_12_1771054475998,data/images\backpack_12_1771054475998.jpg,backpack,backpack_12_1771054475998
backpack_13_1771054476098,data/images\backpack_13_1771054476098.jpg,backpack,backpack_13_1771054476098
backpack_14_1771054476331,data/images\backpack_14_1771054476331.jpg,backpack,backpack_14_1771054476331
backpack_15_1771054476730,data/images\backpack_15_1771054476730.jpg,backpack,backpack_15_1771054476730
backpack_16_1771054477120,data/images\backpack_16_1771054477120.jpg,backpack,backpack_16_1771054477120
backpack_17_1771054477015,data/images\backpack_17_1771054477015.jpg,backpack,backpack_17_1771054477015
backpack_18_1771054477145,data/images\backpack_18_1771054477145.jpg,backpack,backpack_18_1771054477145
backpack_19_1771054477802,data/images\backpack_19_1771054477802.jpg,backpack,backpack_19_1771054477802
backpack_1_1771054472745,data/images\backpack_1_1771054472745.jpg,backpack,backpack_1_1771054472745
backpack_20_1771054477848,data/images\backpack_20_1771054477848.jpg,backpack,backpack_20_1771054477848
backpack_21_1771054478367,data/images\backpack_21_1771054478367.jpg,backpack,backpack_21_1771054478367
backpack_22_1771054478552,data/images\backpack_22_1771054478552.jpg,backpack,backpack_22_1771054478552
backpack_23_1771054478552,data/images\backpack_23_1771054478552.jpg,backpack,backpack_23_1771054478552
backpack_24_1771054479263,data/images\backpack_24_1771054479263.jpg,backpack,backpack_24_1771054479263
backpack_25_1771054479368,data/images\backpack_25_1771054479368.jpg,backpack,backpack_25_1771054479368
backpack_26_1771054479835,data/images\backpack_26_1771054479835.jpg,backpack,backpack_26_1771054479835
backpack_27_1771054479965,data/images\backpack_27_1771054479965.jpg,backpack,backpack_27_1771054479965
backpack_28_1771054479966,data/images\backpack_28_1771054479966.jpg,backpack,backpack_28_1771054479966
backpack_29_1771054480611,data/images\backpack_29_1771054480611.jpg,backpack,backpack_29_1771054480611
backpack_2_1771054473191,data/images\backpack_2_1771054473191.jpg,backpack,backpack_2_1771054473191
backpack_30_1771054480710,data/images\backpack_30_1771054480710.jpg,backpack,backpack_30_1771054480710
backpack_31_1771054481289,data/images\backpack_31_1771054481289.jpg,backpack,backpack_31_1771054481289
backpack_32_1771054481427,data/images\backpack_32_1771054481427.jpg,backpack,backpack_32_1771054481427
backpack_33_1771054481174,data/images\backpack_33_1771054481174.jpg,backpack,backpack_33_1771054481174
backpack_34_1771054482094,data/images\backpack_34_1771054482094.jpg,backpack,backpack_34_1771054482094
backpack_35_1771054481879,data/images\backpack_35_1771054481879.jpg,backpack,backpack_35_1771054481879
backpack_36_1771054482277,data/images\backpack_36_1771054482277.jpg,backpack,backpack_36_1771054482277
backpack_37_1771054482336,data/images\backpack_37_1771054482336.jpg,backpack,backpack_37_1771054482336
backpack_38_1771054482451,data/images\backpack_38_1771054482451.jpg,backpack,backpack_38_1771054482451
backpack_39_1771054483203,data/images\backpack_39_1771054483203.jpg,backpack,backpack_39_1771054483203
backpack_3_1771054473290,data/images\backpack_3_1771054473290.jpg,backpack,backpack_3_1771054473290
backpack_40_1771054483062,data/images\backpack_40_1771054483062.jpg,backpack,backpack_40_1771054483062
backpack_41_1771054483273,data/images\backpack_41_1771054483273.jpg,backpack,backpack_41_1771054483273
backpack_42_1771054483649,data/images\backpack_42_1771054483649.jpg,backpack,backpack_42_1771054483649
backpack_43_1771054483432,data/images\backpack_43_1771054483432.jpg,backpack,backpack_43_1771054483432
backpack_44_1771054484398,data/images\backpack_44_1771054484398.jpg,backpack,backpack_44_1771054484398
backpack_45_1771054484478,data/images\backpack_45_1771054484478.jpg,backpack,backpack_45_1771054484478
backpack_46_1771054484240,data/images\backpack_46_1771054484240.jpg,backpack,backpack_46_1771054484240
backpack_47_1771054484560,data/images\backpack_47_1771054484560.jpg,backpack,backpack_47_1771054484560
backpack_48_1771054484967,data/images\backpack_48_1771054484967.jpg,backpack,backpack_48_1771054484967
backpack_49_1771054485221,data/images\backpack_49_1771054485221.jpg,backpack,backpack_49_1771054485221
backpack_4_1771054473950,data/images\backpack_4_1771054473950.jpg,backpack,backpack_4_1771054473950
backpack_5_1771054473869,data/images\backpack_5_1771054473869.jpg,backpack,backpack_5_1771054473869
backpack_6_1771054474160,data/images\backpack_6_1771054474160.jpg,backpack,backpack_6_1771054474160
backpack_7_1771054474728,data/images\backpack_7_1771054474728.jpg,backpack,backpack_7_1771054474728
backpack_8_1771054474758,data/images\backpack_8_1771054474758.jpg,backpack,backpack_8_1771054474758
backpack_9_1771054475334,data/images\backpack_9_1771054475334.jpg,backpack,backpack_9_1771054475334
bottle_0_1771054550088,data/images\bottle_0_1771054550088.jpg,bottle,bottle_0_1771054550088
bottle_10_1771054552050,data/images\bottle_10_1771054552050.jpg,bottle,bottle_10_1771054552050
bottle_11_1771054552857,data/images\bottle_11_1771054552857.jpg,bottle,bottle_11_1771054552857
bottle_12_1771054552956,data/images\bottle_12_1771054552956.jpg,bottle,bottle_12_1771054552956
bottle_13_1771054553064,data/images\bottle_13_1771054553064.jpg,bottle,bottle_13_1771054553064
bottle_14_1771054553184,data/images\bottle_14_1771054553184.jpg,bottle,bottle_14_1771054553184
bottle_15_1771054553057,data/images\bottle_15_1771054553057.jpg,bottle,bottle_15_1771054553057
bottle_16_1771054554184,data/images\bottle_16_1771054554184.jpg,bottle,bottle_16_1771054554184
bottle_17_1771054554359,data/images\bottle_17_1771054554359.jpg,bottle,bottle_17_1771054554359
bottle_18_1771054554359,data/images\bottle_18_1771054554359.jpg,bottle,bottle_18_1771054554359
bottle_19_1771054554073,data/images\bottle_19_1771054554073.jpg,bottle,bottle_19_1771054554073
bottle_1_1771054550574,data/images\bottle_1_1771054550574.jpg,bottle,bottle_1_1771054550574
bottle_20_1771054554371,data/images\bottle_20_1771054554371.jpg,bottle,bottle_20_1771054554371
bottle_21_1771054555450,data/images\bottle_21_1771054555450.jpg,bottle,bottle_21_1771054555450
bottle_22_1771054555047,data/images\bottle_22_1771054555047.jpg,bottle,bottle_22_1771054555047
bottle_23_1771054555273,data/images\bottle_23_1771054555273.jpg,bottle,bottle_23_1771054555273
bottle_24_1771054555767,data/images\bottle_24_1771054555767.jpg,bottle,bottle_24_1771054555767
bottle_25_1771054555774,data/images\bottle_25_1771054555774.jpg,bottle,bottle_25_1771054555774
bottle_26_1771054555963,data/images\bottle_26_1771054555963.jpg,bottle,bottle_26_1771054555963
bottle_27_1771054556349,data/images\bottle_27_1771054556349.jpg,bottle,bottle_27_1771054556349
bottle_28_1771054556807,data/images\bottle_28_1771054556807.jpg,bottle,bottle_28_1771054556807
bottle_29_1771054556607,data/images\bottle_29_1771054556607.jpg,bottle,bottle_29_1771054556607
bottle_2_1771054550325,data/images\bottle_2_1771054550325.jpg,bottle,bottle_2_1771054550325
bottle_30_1771054556979,data/images\bottle_30_1771054556979.jpg,bottle,bottle_30_1771054556979
bottle_31_1771054557430,data/images\bottle_31_1771054557430.jpg,bottle,bottle_31_1771054557430
bottle_32_1771054558002,data/images\bottle_32_1771054558002.jpg,bottle,bottle_32_1771054558002
bottle_33_1771054557357,data/images\bottle_33_1771054557357.jpg,bottle,bottle_33_1771054557357
bottle_34_1771054558452,data/images\bottle_34_1771054558452.jpg,bottle,bottle_34_1771054558452
bottle_35_1771054558252,data/images\bottle_35_1771054558252.jpg,bottle,bottle_35_1771054558252
bottle_36_1771054558674,data/images\bottle_36_1771054558674.jpg,bottle,bottle_36_1771054558674
bottle_37_1771054559029,data/images\bottle_37_1771054559029.jpg,bottle,bottle_37_1771054559029
bottle_38_1771054559281,data/images\bottle_38_1771054559281.jpg,bottle,bottle_38_1771054559281
bottle_39_1771054559665,data/images\bottle_39_1771054559665.jpg,bottle,bottle_39_1771054559665
bottle_3_1771054550781,data/images\bottle_3_1771054550781.jpg,bottle,bottle_3_1771054550781
bottle_40_1771054559695,data/images\bottle_40_1771054559695.jpg,bottle,bottle_40_1771054559695
bottle_41_1771054559614,data/images\bottle_41_1771054559614.jpg,bottle,bottle_41_1771054559614
bottle_42_1771054560236,data/images\bottle_42_1771054560236.jpg,bottle,bottle_42_1771054560236
bottle_43_1771054560052,data/images\bottle_43_1771054560052.jpg,bottle,bottle_43_1771054560052
bottle_44_1771054560569,data/images\bottle_44_1771054560569.jpg,bottle,bottle_44_1771054560569
bottle_45_1771054560994,data/images\bottle_45_1771054560994.jpg,bottle,bottle_45_1771054560994
bottle_46_1771054561217,data/images\bottle_46_1771054561217.jpg,bottle,bottle_46_1771054561217
bottle_47_1771054561509,data/images\bottle_47_1771054561509.jpg,bottle,bottle_47_1771054561509
bottle_48_1771054561155,data/images\bottle_48_1771054561155.jpg,bottle,bottle_48_1771054561155
bottle_49_1771054561463,data/images\bottle_49_1771054561463.jpg,bottle,bottle_49_1771054561463
bottle_4_1771054550728,data/images\bottle_4_1771054550728.jpg,bottle,bottle_4_1771054550728
bottle_5_1771054551072,data/images\bottle_5_1771054551072.jpg,bottle,bottle_5_1771054551072
bottle_6_1771054551459,data/images\bottle_6_1771054551459.jpg,bottle,bottle_6_1771054551459
bottle_7_1771054551682,data/images\bottle_7_1771054551682.jpg,bottle,bottle_7_1771054551682
bottle_8_1771054551552,data/images\bottle_8_1771054551552.jpg,bottle,bottle_8_1771054551552
bottle_9_1771054551985,data/images\bottle_9_1771054551985.jpg,bottle,bottle_9_1771054551985
chair_0_1771054524615,data/images\chair_0_1771054524615.jpg,chair,chair_0_1771054524615
chair_10_1771054526994,data/images\chair_10_1771054526994.jpg,chair,chair_10_1771054526994
chair_11_1771054526959,data/images\chair_11_1771054526959.jpg,chair,chair_11_1771054526959
chair_12_1771054527400,data/images\chair_12_1771054527400.jpg,chair,chair_12_1771054527400
chair_13_1771054527832,data/images\chair_13_1771054527832.jpg,chair,chair_13_1771054527832
chair_14_1771054527817,data/images\chair_14_1771054527817.jpg,chair,chair_14_1771054527817
chair_15_1771054528402,data/images\chair_15_1771054528402.jpg,chair,chair_15_1771054528402
chair_16_1771054528430,data/images\chair_16_1771054528430.jpg,chair,chair_16_1771054528430
chair_17_1771054528329,data/images\chair_17_1771054528329.jpg,chair,chair_17_1771054528329
chair_18_1771054529255,data/images\chair_18_1771054529255.jpg,chair,chair_18_1771054529255
chair_19_1771054528927,data/images\chair_19_1771054528927.jpg,chair,chair_19_1771054528927
chair_1_1771054524597,data/images\chair_1_1771054524597.jpg,chair,chair_1_1771054524597
chair_20_1771054529273,data/images\chair_20_1771054529273.jpg,chair,chair_20_1771054529273
chair_21_1771054529185,data/images\chair_21_1771054529185.jpg,chair,chair_21_1771054529185
chair_22_1771054529829,data/images\chair_22_1771054529829.jpg,chair,chair_22_1771054529829
chair_23_1771054529848,data/images\chair_23_1771054529848.jpg,chair,chair_23_1771054529848
chair_24_1771054530067,data/images\chair_24_1771054530067.jpg,chair,chair_24_1771054530067
chair_25_1771054530050,data/images\chair_25_1771054530050.jpg,chair,chair_25_1771054530050
chair_26_1771054530255,data/images\chair_26_1771054530255.jpg,chair,chair_26_1771054530255
chair_27_1771054531197,data/images\chair_27_1771054531197.jpg,chair,chair_27_1771054531197
chair_28_1771054530923,data/images\chair_28_1771054530923.jpg,chair,chair_28_1771054530923
chair_29_1771054531417,data/images\chair_29_1771054531417.jpg,chair,chair_29_1771054531417
chair_2_1771054524741,data/images\chair_2_1771054524741.jpg,chair,chair_2_1771054524741
chair_30_1771054531163,data/images\chair_30_1771054531163.jpg,chair,chair_30_1771054531163
chair_31_1771054531227,data/images\chair_31_1771054531227.jpg,chair,chair_31_1771054531227
chair_32_1771054531834,data/images\chair_32_1771054531834.jpg,chair,chair_32_1771054531834
chair_33_1771054531954,data/images\chair_33_1771054531954.jpg,chair,chair_33_1771054531954
chair_34_1771054532335,data/images\chair_34_1771054532335.jpg,chair,chair_34_1771054532335
chair_35_1771054532578,data/images\chair_35_1771054532578.jpg,chair,chair_35_1771054532578
chair_36_1771054532417,data/images\chair_36_1771054532417.jpg,chair,chair_36_1771054532417
chair_37_1771054532930,data/images\chair_37_1771054532930.jpg,chair,chair_37_1771054532930
chair_38_1771054533267,data/images\chair_38_1771054533267.jpg,chair,chair_38_1771054533267
chair_39_1771054533409,data/images\chair_39_1771054533409.jpg,chair,chair_39_1771054533409
chair_3_1771054525158,data/images\chair_3_1771054525158.jpg,chair,chair_3_1771054525158
chair_40_1771054533477,data/images\chair_40_1771054533477.jpg,chair,chair_40_1771054533477
chair_41_1771054533660,data/images\chair_41_1771054533660.jpg,chair,chair_41_1771054533660
chair_42_1771054534401,data/images\chair_42_1771054534401.jpg,chair,chair_42_1771054534401
chair_43_1771054534415,data/images\chair_43_1771054534415.jpg,chair,chair_43_1771054534415
chair_44_1771054534455,data/images\chair_44_1771054534455.jpg,chair,chair_44_1771054534455
chair_45_1771054534435,data/images\chair_45_1771054534435.jpg,chair,chair_45_1771054534435
chair_46_1771054534579,data/images\chair_46_1771054534579.jpg,chair,chair_46_1771054534579
chair_47_1771054535447,data/images\chair_47_1771054535447.jpg,chair,chair_47_1771054535447
chair_48_1771054535347,data/images\chair_48_1771054535347.jpg,chair,chair_48_1771054535347
chair_49_1771054535319,data/images\chair_49_1771054535319.jpg,chair,chair_49_1771054535319
chair_4_1771054525313,data/images\chair_4_1771054525313.jpg,chair,chair_4_1771054525313
chair_5_1771054525857,data/images\chair_5_1771054525857.jpg,chair,chair_5_1771054525857
chair_6_1771054525641,data/images\chair_6_1771054525641.jpg,chair,chair_6_1771054525641
chair_7_1771054526056,data/images\chair_7_1771054526056.jpg,chair,chair_7_1771054526056
chair_8_1771054526302,data/images\chair_8_1771054526302.jpg,chair,chair_8_1771054526302
chair_9_1771054526575,data/images\chair_9_1771054526575.jpg,chair,chair_9_1771054526575
headphones_0_1771054501377,data/images\headphones_0_1771054501377.jpg,headphones,headphones_0_1771054501377
headphones_10_1771054503505,data/images\headphones_10_1771054503505.jpg,headphones,headphones_10_1771054503505
headphones_11_1771054503563,data/images\headphones_11_1771054503563.jpg,headphones,headphones_11_1771054503563
headphones_12_1771054503617,data/images\headphones_12_1771054503617.jpg,headphones,headphones_12_1771054503617
headphones_13_1771054503706,data/images\headphones_13_1771054503706.jpg,headphones,headphones_13_1771054503706
headphones_14_1771054504491,data/images\headphones_14_1771054504491.jpg,headphones,headphones_14_1771054504491
headphones_15_1771054505054,data/images\headphones_15_1771054505054.jpg,headphones,headphones_15_1771054505054
headphones_16_1771054505054,data/images\headphones_16_1771054505054.jpg,headphones,headphones_16_1771054505054
headphones_17_1771054504694,data/images\headphones_17_1771054504694.jpg,headphones,headphones_17_1771054504694
headphones_18_1771054504969,data/images\headphones_18_1771054504969.jpg,headphones,headphones_18_1771054504969
headphones_19_1771054505716,data/images\headphones_19_1771054505716.jpg,headphones,headphones_19_1771054505716
headphones_1_1771054501724,data/images\headphones_1_1771054501724.jpg,headphones,headphones_1_1771054501724
headphones_20_1771054505683,data/images\headphones_20_1771054505683.jpg,headphones,headphones_20_1771054505683
headphones_21_1771054506051,data/images\headphones_21_1771054506051.jpg,headphones,headphones_21_1771054506051
headphones_22_1771054505848,data/images\headphones_22_1771054505848.jpg,headphones,headphones_22_1771054505848
headphones_23_1771054506485,data/images\headphones_23_1771054506485.jpg,headphones,headphones_23_1771054506485
headphones_24_1771054506850,data/images\headphones_24_1771054506850.jpg,headphones,headphones_24_1771054506850
headphones_25_1771054506646,data/images\headphones_25_1771054506646.jpg,headphones,headphones_25_1771054506646
headphones_26_1771054506900,data/images\headphones_26_1771054506900.jpg,headphones,headphones_26_1771054506900
headphones_27_1771054507435,data/images\headphones_27_1771054507435.jpg,headphones,headphones_27_1771054507435
headphones_28_1771054507609,data/images\headphones_28_1771054507609.jpg,headphones,headphones_28_1771054507609
headphones_29_1771054507747,data/images\headphones_29_1771054507747.jpg,headphones,headphones_29_1771054507747
headphones_2_1771054501523,data/images\headphones_2_1771054501523.jpg,headphones,headphones_2_1771054501523
headphones_30_1771054508054,data/images\headphones_30_1771054508054.jpg,headphones,headphones_30_1771054508054
headphones_31_1771054507902,data/images\headphones_31_1771054507902.jpg,headphones,headphones_31_1771054507902
headphones_32_1771054508445,data/images\headphones_32_1771054508445.jpg,headphones,headphones_32_1771054508445
headphones_33_1771054508398,data/images\headphones_33_1771054508398.jpg,headphones,headphones_33_1771054508398
headphones_34_1771054508677,data/images\headphones_34_1771054508677.jpg,headphones,headphones_34_1771054508677
headphones_35_1771054508939,data/images\headphones_35_1771054508939.jpg,headphones,headphones_35_1771054508939
headphones_36_1771054509287,data/images\headphones_36_1771054509287.jpg,headphones,headphones_36_1771054509287
headphones_37_1771054509740,data/images\headphones_37_1771054509740.jpg,headphones,headphones_37_1771054509740
headphones_38_1771054509524,data/images\headphones_38_1771054509524.jpg,headphones,headphones_38_1771054509524
headphones_39_1771054509915,data/images\headphones_39_1771054509915.jpg,headphones,headphones_39_1771054509915
headphones_3_1771054501775,data/images\headphones_3_1771054501775.jpg,headphones,headphones_3_1771054501775
headphones_40_1771054510289,data/images\headphones_40_1771054510289.jpg,headphones,headphones_40_1771054510289
headphones_41_1771054510600,data/images\headphones_41_1771054510600.jpg,headphones,headphones_41_1771054510600
headphones_42_1771054510558,data/images\headphones_42_1771054510558.jpg,headphones,headphones_42_1771054510558
headphones_43_1771054511223,data/images\headphones_43_1771054511223.jpg,headphones,headphones_43_1771054511223
headphones_44_1771054510959,data/images\headphones_44_1771054510959.jpg,headphones,headphones_44_1771054510959
headphones_45_1771054511245,data/images\headphones_45_1771054511245.jpg,headphones,headphones_45_1771054511245
headphones_46_1771054511451,data/images\headphones_46_1771054511451.jpg,headphones,headphones_46_1771054511451
headphones_47_1771054511594,data/images\headphones_47_1771054511594.jpg,headphones,headphones_47_1771054511594
headphones_48_1771054512015,data/images\headphones_48_1771054512015.jpg,headphones,headphones_48_1771054512015
headphones_49_1771054512543,data/images\headphones_49_1771054512543.jpg,headphones,headphones_49_1771054512543
headphones_4_1771054502512,data/images\headphones_4_1771054502512.jpg,headphones,headphones_4_1771054502512
headphones_5_1771054502595,data/images\headphones_5_1771054502595.jpg,headphones,headphones_5_1771054502595
headphones_6_1771054502588,data/images\headphones_6_1771054502588.jpg,headphones,headphones_6_1771054502588
headphones_7_1771054502814,data/images\headphones_7_1771054502814.jpg,headphones,headphones_7_1771054502814
headphones_8_1771054502718,data/images\headphones_8_1771054502718.jpg,headphones,headphones_8_1771054502718
headphones_9_1771054503864,data/images\headphones_9_1771054503864.jpg,headphones,headphones_9_1771054503864
lamp_0_1771054535750,data/images\lamp_0_1771054535750.jpg,lamp,lamp_0_1771054535750
lamp_10_1771054539072,data/images\lamp_10_1771054539072.jpg,lamp,lamp_10_1771054539072
lamp_11_1771054539398,data/images\lamp_11_1771054539398.jpg,lamp,lamp_11_1771054539398
lamp_12_1771054540702,data/images\lamp_12_1771054540702.jpg,lamp,lamp_12_1771054540702
lamp_13_1771054540905,data/images\lamp_13_1771054540905.jpg,lamp,lamp_13_1771054540905
lamp_14_1771054540675,data/images\lamp_14_1771054540675.jpg,lamp,lamp_14_1771054540675
lamp_15_1771054540457,data/images\lamp_15_1771054540457.jpg,lamp,lamp_15_1771054540457
lamp_16_1771054540321,data/images\lamp_16_1771054540321.jpg,lamp,lamp_16_1771054540321
lamp_17_1771054541679,data/images\lamp_17_1771054541679.jpg,lamp,lamp_17_1771054541679
lamp_18_1771054541532,data/images\lamp_18_1771054541532.jpg,lamp,lamp_18_1771054541532
lamp_19_1771054541510,data/images\lamp_19_1771054541510.jpg,lamp,lamp_19_1771054541510
lamp_1_1771054535643,data/images\lamp_1_1771054535643.jpg,lamp,lamp_1_1771054535643
lamp_20_1771054541540,data/images\lamp_20_1771054541540.jpg,lamp,lamp_20_1771054541540
lamp_21_1771054542224,data/images\lamp_21_1771054542224.jpg,lamp,lamp_21_1771054542224
lamp_22_1771054542807,data/images\lamp_22_1771054542807.jpg,lamp,lamp_22_1771054542807
lamp_23_1771054542679,data/images\lamp_23_1771054542679.jpg,lamp,lamp_23_1771054542679
lamp_24_1771054542894,data/images\lamp_24_1771054542894.jpg,lamp,lamp_24_1771054542894
lamp_25_1771054543071,data/images\lamp_25_1771054543071.jpg,lamp,lamp_25_1771054543071
lamp_26_1771054543339,data/images\lamp_26_1771054543339.jpg,lamp,lamp_26_1771054543339
lamp_27_1771054543749,data/images\lamp_27_1771054543749.jpg,lamp,lamp_27_1771054543749
lamp_28_1771054543888,data/images\lamp_28_1771054543888.jpg,lamp,lamp_28_1771054543888
lamp_29_1771054543689,data/images\lamp_29_1771054543689.jpg,lamp,lamp_29_1771054543689
lamp_2_1771054537044,data/images\lamp_2_1771054537044.jpg,lamp,lamp_2_1771054537044
lamp_30_1771054543972,data/images\lamp_30_1771054543972.jpg,lamp,lamp_30_1771054543972
lamp_31_1771054544463,data/images\lamp_31_1771054544463.jpg,lamp,lamp_31_1771054544463
lamp_32_1771054544588,data/images\lamp_32_1771054544588.jpg,lamp,lamp_32_1771054544588
lamp_33_1771054544740,data/images\lamp_33_1771054544740.jpg,lamp,lamp_33_1771054544740
lamp_34_1771054544745,data/images\lamp_34_1771054544745.jpg,lamp,lamp_34_1771054544745
lamp_35_1771054545355,data/images\lamp_35_1771054545355.jpg,lamp,lamp_35_1771054545355
lamp_36_1771054545738,data/images\lamp_36_1771054545738.jpg,lamp,lamp_36_1771054545738
lamp_37_1771054545486,data/images\lamp_37_1771054545486.jpg,lamp,lamp_37_1771054545486
lamp_38_1771054545586,data/images\lamp_38_1771054545586.jpg,lamp,lamp_38_1771054545586
lamp_39_1771054546052,data/images\lamp_39_1771054546052.jpg,lamp,lamp_39_1771054546052
lamp_3_1771054537201,data/images\lamp_3_1771054537201.jpg,lamp,lamp_3_1771054537201
lamp_40_1771054546486,data/images\lamp_40_1771054546486.jpg,lamp,lamp_40_1771054546486
lamp_41_1771054546479,data/images\lamp_41_1771054546479.jpg,lamp,lamp_41_1771054546479
lamp_42_1771054546488,data/images\lamp_42_1771054546488.jpg,lamp,lamp_42_1771054546488
lamp_43_1771054546559,data/images\lamp_43_1771054546559.jpg,lamp,lamp_43_1771054546559
lamp_44_1771054546921,data/images\lamp_44_1771054546921.jpg,lamp,lamp_44_1771054546921
lamp_45_1771054547186,data/images\lamp_45_1771054547186.jpg,lamp,lamp_45_1771054547186
lamp_46_1771054547402,data/images\lamp_46_1771054547402.jpg,lamp,lamp_46_1771054547402
lamp_47_1771054547587,data/images\lamp_47_1771054547587.jpg,lamp,lamp_47_1771054547587
lamp_48_1771054547453,data/images\lamp_48_1771054547453.jpg,lamp,lamp_48_1771054547453
lamp_49_1771054547723,data/images\lamp_49_1771054547723.jpg,lamp,lamp_49_1771054547723
lamp_4_1771054537575,data/images\lamp_4_1771054537575.jpg,lamp,lamp_4_1771054537575
lamp_5_1771054537393,data/images\lamp_5_1771054537393.jpg,lamp,lamp_5_1771054537393
lamp_6_1771054537955,data/images\lamp_6_1771054537955.jpg,lamp,lamp_6_1771054537955
lamp_7_1771054539013,data/images\lamp_7_1771054539013.jpg,lamp,lamp_7_1771054539013
lamp_8_1771054539193,data/images\lamp_8_1771054539193.jpg,lamp,lamp_8_1771054539193
lamp_9_1771054539383,data/images\lamp_9_1771054539383.jpg,lamp,lamp_9_1771054539383
laptop_0_1771054512224,data/images\laptop_0_1771054512224.jpg,laptop,laptop_0_1771054512224
laptop_10_1771054514461,data/images\laptop_10_1771054514461.jpg,laptop,laptop_10_1771054514461
laptop_11_1771054515179,data/images\laptop_11_1771054515179.jpg,laptop,laptop_11_1771054515179
laptop_12_1771054516247,data/images\laptop_12_1771054516247.jpg,laptop,laptop_12_1771054516247
laptop_13_1771054516279,data/images\laptop_13_1771054516279.jpg,laptop,laptop_13_1771054516279
laptop_14_1771054516429,data/images\laptop_14_1771054516429.jpg,laptop,laptop_14_1771054516429
laptop_15_1771054516239,data/images\laptop_15_1771054516239.jpg,laptop,laptop_15_1771054516239
laptop_16_1771054516977,data/images\laptop_16_1771054516977.jpg,laptop,laptop_16_1771054516977
laptop_17_1771054517191,data/images\laptop_17_1771054517191.jpg,laptop,laptop_17_1771054517191
laptop_18_1771054517203,data/images\laptop_18_1771054517203.jpg,laptop,laptop_18_1771054517203
laptop_19_1771054517242,data/images\laptop_19_1771054517242.jpg,laptop,laptop_19_1771054517242
laptop_1_1771054512895,data/images\laptop_1_1771054512895.jpg,laptop,laptop_1_1771054512895
laptop_20_1771054517829,data/images\laptop_20_1771054517829.jpg,laptop,laptop_20_1771054517829
laptop_21_1771054517872,data/images\laptop_21_1771054517872.jpg,laptop,laptop_21_1771054517872
laptop_22_1771054518238,data/images\laptop_22_1771054518238.jpg,laptop,laptop_22_1771054518238
laptop_23_1771054518269,data/images\laptop_23_1771054518269.jpg,laptop,laptop_23_1771054518269
laptop_24_1771054518185,data/images\laptop_24_1771054518185.jpg,laptop,laptop_24_1771054518185
laptop_25_1771054518728,data/images\laptop_25_1771054518728.jpg,laptop,laptop_25_1771054518728
laptop_26_1771054518781,data/images\laptop_26_1771054518781.jpg,laptop,laptop_26_1771054518781
laptop_27_1771054519363,data/images\laptop_27_1771054519363.jpg,laptop,laptop_27_1771054519363
laptop_28_1771054519401,data/images\laptop_28_1771054519401.jpg,laptop,laptop_28_1771054519401
laptop_29_1771054519562,data/images\laptop_29_1771054519562.jpg,laptop,laptop_29_1771054519562
laptop_2_1771054512479,data/images\laptop_2_1771054512479.jpg,laptop,laptop_2_1771054512479
laptop_30_1771054519783,data/images\laptop_30_1771054519783.jpg,laptop,laptop_30_1771054519783
laptop_31_1771054519894,data/images\laptop_31_1771054519894.jpg,laptop,laptop_31_1771054519894
laptop_32_1771054520589,data/images\laptop_32_1771054520589.jpg,laptop,laptop_32_1771054520589
laptop_33_1771054520836,data/images\laptop_33_1771054520836.jpg,laptop,laptop_33_1771054520836
laptop_34_1771054521003,data/images\laptop_34_1771054521003.jpg,laptop,laptop_34_1771054521003
laptop_35_1771054520960,data/images\laptop_35_1771054520960.jpg,laptop,laptop_35_1771054520960
laptop_36_1771054520951,data/images\laptop_36_1771054520951.jpg,laptop,laptop_36_1771054520951
laptop_37_1771054521551,data/images\laptop_37_1771054521551.jpg,laptop,laptop_37_1771054521551
laptop_38_1771054521928,data/images\laptop_38_1771054521928.jpg,laptop,laptop_38_1771054521928
laptop_39_1771054521838,data/images\laptop_39_1771054521838.jpg,laptop,laptop_39_1771054521838
laptop_3_1771054513143,data/images\laptop_3_1771054513143.jpg,laptop,laptop_3_1771054513143
laptop_40_1771054522053,data/images\laptop_40_1771054522053.jpg,laptop,laptop_40_1771054522053
laptop_41_1771054522122,data/images\laptop_41_1771054522122.jpg,laptop,laptop_41_1771054522122
laptop_42_1771054522967,data/images\laptop_42_1771054522967.jpg,laptop,laptop_42_1771054522967
laptop_43_1771054522920,data/images\laptop_43_1771054522920.jpg,laptop,laptop_43_1771054522920
laptop_44_1771054522741,data/images\laptop_44_1771054522741.jpg,laptop,laptop_44_1771054522741
laptop_45_1771054523472,data/images\laptop_45_1771054523472.jpg,laptop,laptop_45_1771054523472
laptop_46_1771054523256,data/images\laptop_46_1771054523256.jpg,laptop,laptop_46_1771054523256
laptop_47_1771054523805,data/images\laptop_47_1771054523805.jpg,laptop,laptop_47_1771054523805
laptop_48_1771054523942,data/images\laptop_48_1771054523942.jpg,laptop,laptop_48_1771054523942
laptop_49_1771054523860,data/images\laptop_49_1771054523860.jpg,laptop,laptop_49_1771054523860
laptop_4_1771054513158,data/images\laptop_4_1771054513158.jpg,laptop,laptop_4_1771054513158
laptop_5_1771054513265,data/images\laptop_5_1771054513265.jpg,laptop,laptop_5_1771054513265
laptop_6_1771054513735,data/images\laptop_6_1771054513735.jpg,laptop,laptop_6_1771054513735
laptop_7_1771054514213,data/images\laptop_7_1771054514213.jpg,laptop,laptop_7_1771054514213
laptop_8_1771054514450,data/images\laptop_8_1771054514450.jpg,laptop,laptop_8_1771054514450
laptop_9_1771054514350,data/images\laptop_9_1771054514350.jpg,laptop,laptop_9_1771054514350
shoes_0_1771054433710,data/images\shoes_0_1771054433710.jpg,shoes,shoes_0_1771054433710
shoes_10_1771054436225,data/images\shoes_10_1771054436225.jpg,shoes,shoes_10_1771054436225
shoes_11_1771054436354,data/images\shoes_11_1771054436354.jpg,shoes,shoes_11_1771054436354
shoes_12_1771054437236,data/images\shoes_12_1771054437236.jpg,shoes,shoes_12_1771054437236
shoes_13_1771054437521,data/images\shoes_13_1771054437521.jpg,shoes,shoes_13_1771054437521
shoes_14_1771054437526,data/images\shoes_14_1771054437526.jpg,shoes,shoes_14_1771054437526
shoes_15_1771054438154,data/images\shoes_15_1771054438154.jpg,shoes,shoes_15_1771054438154
shoes_16_1771054437962,data/images\shoes_16_1771054437962.jpg,shoes,shoes_16_1771054437962
shoes_17_1771054438449,data/images\shoes_17_1771054438449.jpg,shoes,shoes_17_1771054438449
shoes_18_1771054438666,data/images\shoes_18_1771054438666.jpg,shoes,shoes_18_1771054438666
shoes_19_1771054438885,data/images\shoes_19_1771054438885.jpg,shoes,shoes_19_1771054438885
shoes_1_1771054433945,data/images\shoes_1_1771054433945.jpg,shoes,shoes_1_1771054433945
shoes_20_1771054439814,data/images\shoes_20_1771054439814.jpg,shoes,shoes_20_1771054439814
shoes_21_1771054438976,data/images\shoes_21_1771054438976.jpg,shoes,shoes_21_1771054438976
shoes_22_1771054439983,data/images\shoes_22_1771054439983.jpg,shoes,shoes_22_1771054439983
shoes_23_1771054440027,data/images\shoes_23_1771054440027.jpg,shoes,shoes_23_1771054440027
shoes_24_1771054440614,data/images\shoes_24_1771054440614.jpg,shoes,shoes_24_1771054440614
shoes_25_1771054440242,data/images\shoes_25_1771054440242.jpg,shoes,shoes_25_1771054440242
shoes_26_1771054440779,data/images\shoes_26_1771054440779.jpg,shoes,shoes_26_1771054440779
shoes_27_1771054441357,data/images\shoes_27_1771054441357.jpg,shoes,shoes_27_1771054441357
shoes_28_1771054441329,data/images\shoes_28_1771054441329.jpg,shoes,shoes_28_1771054441329
shoes_29_1771054441357,data/images\shoes_29_1771054441357.jpg,shoes,shoes_29_1771054441357
shoes_2_1771054433472,data/images\shoes_2_1771054433472.jpg,shoes,shoes_2_1771054433472
shoes_30_1771054441712,data/images\shoes_30_1771054441712.jpg,shoes,shoes_30_1771054441712
shoes_31_1771054442152,data/images\shoes_31_1771054442152.jpg,shoes,shoes_31_1771054442152
shoes_32_1771054442265,data/images\shoes_32_1771054442265.jpg,shoes,shoes_32_1771054442265
shoes_33_1771054442511,data/images\shoes_33_1771054442511.jpg,shoes,shoes_33_1771054442511
shoes_34_1771054442429,data/images\shoes_34_1771054442429.jpg,shoes,shoes_34_1771054442429
shoes_35_1771054442669,data/images\shoes_35_1771054442669.jpg,shoes,shoes_35_1771054442669
shoes_36_1771054443069,data/images\shoes_36_1771054443069.jpg,shoes,shoes_36_1771054443069
shoes_37_1771054443420,data/images\shoes_37_1771054443420.jpg,shoes,shoes_37_1771054443420
shoes_38_1771054443365,data/images\shoes_38_1771054443365.jpg,shoes,shoes_38_1771054443365
shoes_39_1771054443967,data/images\shoes_39_1771054443967.jpg,shoes,shoes_39_1771054443967
shoes_3_1771054433428,data/images\shoes_3_1771054433428.jpg,shoes,shoes_3_1771054433428
shoes_40_1771054443701,data/images\shoes_40_1771054443701.jpg,shoes,shoes_40_1771054443701
shoes_41_1771054444340,data/images\shoes_41_1771054444340.jpg,shoes,shoes_41_1771054444340
shoes_42_1771054444454,data/images\shoes_42_1771054444454.jpg,shoes,shoes_42_1771054444454
shoes_43_1771054444458,data/images\shoes_43_1771054444458.jpg,shoes,shoes_43_1771054444458
shoes_44_1771054444847,data/images\shoes_44_1771054444847.jpg,shoes,shoes_44_1771054444847
shoes_45_1771054445114,data/images\shoes_45_1771054445114.jpg,shoes,shoes_45_1771054445114
shoes_46_1771054445260,data/images\shoes_46_1771054445260.jpg,shoes,shoes_46_1771054445260
shoes_47_1771054445510,data/images\shoes_47_1771054445510.jpg,shoes,shoes_47_1771054445510
shoes_48_1771054445469,data/images\shoes_48_1771054445469.jpg,shoes,shoes_48_1771054445469
shoes_49_1771054446211,data/images\shoes_49_1771054446211.jpg,shoes,shoes_49_1771054446211
shoes_4_1771054433720,data/images\shoes_4_1771054433720.jpg,shoes,shoes_4_1771054433720
shoes_5_1771054434722,data/images\shoes_5_1771054434722.jpg,shoes,shoes_5_1771054434722
shoes_6_1771054434939,data/images\shoes_6_1771054434939.jpg,shoes,shoes_6_1771054434939
shoes_7_1771054435635,data/images\shoes_7_1771054435635.jpg,shoes,shoes_7_1771054435635
shoes_8_1771054434964,data/images\shoes_8_1771054434964.jpg,shoes,shoes_8_1771054434964
shoes_9_1771054435680,data/images\shoes_9_1771054435680.jpg,shoes,shoes_9_1771054435680
sunglasses_0_1771054487411,data/images\sunglasses_0_1771054487411.jpg,sunglasses,sunglasses_0_1771054487411
sunglasses_10_1771054490331,data/images\sunglasses_10_1771054490331.jpg,sunglasses,sunglasses_10_1771054490331
sunglasses_11_1771054490337,data/images\sunglasses_11_1771054490337.jpg,sunglasses,sunglasses_11_1771054490337
sunglasses_12_1771054490570,data/images\sunglasses_12_1771054490570.jpg,sunglasses,sunglasses_12_1771054490570
sunglasses_13_1771054490425,data/images\sunglasses_13_1771054490425.jpg,sunglasses,sunglasses_13_1771054490425
sunglasses_14_1771054491176,data/images\sunglasses_14_1771054491176.jpg,sunglasses,sunglasses_14_1771054491176
sunglasses_15_1771054491175,data/images\sunglasses_15_1771054491175.jpg,sunglasses,sunglasses_15_1771054491175
sunglasses_16_1771054491283,data/images\sunglasses_16_1771054491283.jpg,sunglasses,sunglasses_16_1771054491283
sunglasses_17_1771054491671,data/images\sunglasses_17_1771054491671.jpg,sunglasses,sunglasses_17_1771054491671
sunglasses_18_1771054491977,data/images\sunglasses_18_1771054491977.jpg,sunglasses,sunglasses_18_1771054491977
sunglasses_19_1771054492311,data/images\sunglasses_19_1771054492311.jpg,sunglasses,sunglasses_19_1771054492311
sunglasses_1_1771054487815,data/images\sunglasses_1_1771054487815.jpg,sunglasses,sunglasses_1_1771054487815
sunglasses_20_1771054492119,data/images\sunglasses_20_1771054492119.jpg,sunglasses,sunglasses_20_1771054492119
sunglasses_21_1771054492596,data/images\sunglasses_21_1771054492596.jpg,sunglasses,sunglasses_21_1771054492596
sunglasses_22_1771054493078,data/images\sunglasses_22_1771054493078.jpg,sunglasses,sunglasses_22_1771054493078
sunglasses_23_1771054493348,data/images\sunglasses_23_1771054493348.jpg,sunglasses,sunglasses_23_1771054493348
sunglasses_24_1771054493485,data/images\sunglasses_24_1771054493485.jpg,sunglasses,sunglasses_24_1771054493485
sunglasses_25_1771054493710,data/images\sunglasses_25_1771054493710.jpg,sunglasses,sunglasses_25_1771054493710
sunglasses_26_1771054493406,data/images\sunglasses_26_1771054493406.jpg,sunglasses,sunglasses_26_1771054493406
sunglasses_27_1771054494305,data/images\sunglasses_27_1771054494305.jpg,sunglasses,sunglasses_27_1771054494305
sunglasses_28_1771054494705,data/images\sunglasses_28_1771054494705.jpg,sunglasses,sunglasses_28_1771054494705
sunglasses_29_1771054494538,data/images\sunglasses_29_1771054494538.jpg,sunglasses,sunglasses_29_1771054494538
sunglasses_2_1771054487575,data/images\sunglasses_2_1771054487575.jpg,sunglasses,sunglasses_2_1771054487575
sunglasses_30_1771054494573,data/images\sunglasses_30_1771054494573.jpg,sunglasses,sunglasses_30_1771054494573
sunglasses_31_1771054494925,data/images\sunglasses_31_1771054494925.jpg,sunglasses,sunglasses_31_1771054494925
sunglasses_32_1771054495493,data/images\sunglasses_32_1771054495493.jpg,sunglasses,sunglasses_32_1771054495493
sunglasses_33_1771054496013,data/images\sunglasses_33_1771054496013.jpg,sunglasses,sunglasses_33_1771054496013
sunglasses_34_1771054495705,data/images\sunglasses_34_1771054495705.jpg,sunglasses,sunglasses_34_1771054495705
sunglasses_35_1771054495742,data/images\sunglasses_35_1771054495742.jpg,sunglasses,sunglasses_35_1771054495742
sunglasses_36_1771054496030,data/images\sunglasses_36_1771054496030.jpg,sunglasses,sunglasses_36_1771054496030
sunglasses_37_1771054496520,data/images\sunglasses_37_1771054496520.jpg,sunglasses,sunglasses_37_1771054496520
sunglasses_38_1771054497082,data/images\sunglasses_38_1771054497082.jpg,sunglasses,sunglasses_38_1771054497082
sunglasses_39_1771054496858,data/images\sunglasses_39_1771054496858.jpg,sunglasses,sunglasses_39_1771054496858
sunglasses_3_1771054487830,data/images\sunglasses_3_1771054487830.jpg,sunglasses,sunglasses_3_1771054487830
sunglasses_40_1771054497493,data/images\sunglasses_40_1771054497493.jpg,sunglasses,sunglasses_40_1771054497493
sunglasses_41_1771054497359,data/images\sunglasses_41_1771054497359.jpg,sunglasses,sunglasses_41_1771054497359
sunglasses_42_1771054497969,data/images\sunglasses_42_1771054497969.jpg,sunglasses,sunglasses_42_1771054497969
sunglasses_43_1771054497848,data/images\sunglasses_43_1771054497848.jpg,sunglasses,sunglasses_43_1771054497848
sunglasses_44_1771054498491,data/images\sunglasses_44_1771054498491.jpg,sunglasses,sunglasses_44_1771054498491
sunglasses_45_1771054498792,data/images\sunglasses_45_1771054498792.jpg,sunglasses,sunglasses_45_1771054498792
sunglasses_46_1771054498793,data/images\sunglasses_46_1771054498793.jpg,sunglasses,sunglasses_46_1771054498793
sunglasses_47_1771054498849,data/images\sunglasses_47_1771054498849.jpg,sunglasses,sunglasses_47_1771054498849
sunglasses_48_1771054499289,data/images\sunglasses_48_1771054499289.jpg,sunglasses,sunglasses_48_1771054499289
sunglasses_49_1771054499874,data/images\sunglasses_49_1771054499874.jpg,sunglasses,sunglasses_49_1771054499874
sunglasses_4_1771054488476,data/images\sunglasses_4_1771054488476.jpg,sunglasses,sunglasses_4_1771054488476
sunglasses_5_1771054488850,data/images\sunglasses_5_1771054488850.jpg,sunglasses,sunglasses_5_1771054488850
sunglasses_6_1771054488726,data/images\sunglasses_6_1771054488726.jpg,sunglasses,sunglasses_6_1771054488726
sunglasses_7_1771054489135,data/images\sunglasses_7_1771054489135.jpg,sunglasses,sunglasses_7_1771054489135
sunglasses_8_1771054488978,data/images\sunglasses_8_1771054488978.jpg,sunglasses,sunglasses_8_1771054488978
sunglasses_9_1771054489512,data/images\sunglasses_9_1771054489512.jpg,sunglasses,sunglasses_9_1771054489512
tshirt_0_1771054448836,data/images\tshirt_0_1771054448836.jpg,tshirt,tshirt_0_1771054448836
tshirt_10_1771054451139,data/images\tshirt_10_1771054451139.jpg,tshirt,tshirt_10_1771054451139
tshirt_11_1771054451089,data/images\tshirt_11_1771054451089.jpg,tshirt,tshirt_11_1771054451089
tshirt_12_1771054451173,data/images\tshirt_12_1771054451173.jpg,tshirt,tshirt_12_1771054451173
tshirt_13_1771054451078,data/images\tshirt_13_1771054451078.jpg,tshirt,tshirt_13_1771054451078
tshirt_14_1771054451435,data/images\tshirt_14_1771054451435.jpg,tshirt,tshirt_14_1771054451435
tshirt_15_1771054452060,data/images\tshirt_15_1771054452060.jpg,tshirt,tshirt_15_1771054452060
tshirt_16_1771054452123,data/images\tshirt_16_1771054452123.jpg,tshirt,tshirt_16_1771054452123
tshirt_17_1771054452205,data/images\tshirt_17_1771054452205.jpg,tshirt,tshirt_17_1771054452205
tshirt_18_1771054452255,data/images\tshirt_18_1771054452255.jpg,tshirt,tshirt_18_1771054452255
tshirt_19_1771054452365,data/images\tshirt_19_1771054452365.jpg,tshirt,tshirt_19_1771054452365
tshirt_1_1771054449147,data/images\tshirt_1_1771054449147.jpg,tshirt,tshirt_1_1771054449147
tshirt_20_1771054453447,data/images\tshirt_20_1771054453447.jpg,tshirt,tshirt_20_1771054453447
tshirt_21_1771054453179,data/images\tshirt_21_1771054453179.jpg,tshirt,tshirt_21_1771054453179
tshirt_22_1771054453517,data/images\tshirt_22_1771054453517.jpg,tshirt,tshirt_22_1771054453517
tshirt_23_1771054453214,data/images\tshirt_23_1771054453214.jpg,tshirt,tshirt_23_1771054453214
tshirt_24_1771054453435,data/images\tshirt_24_1771054453435.jpg,tshirt,tshirt_24_1771054453435
tshirt_25_1771054454580,data/images\tshirt_25_1771054454580.jpg,tshirt,tshirt_25_1771054454580
tshirt_26_1771054454033,data/images\tshirt_26_1771054454033.jpg,tshirt,tshirt_26_1771054454033
tshirt_27_1771054454425,data/images\tshirt_27_1771054454425.jpg,tshirt,tshirt_27_1771054454425
tshirt_28_1771054454817,data/images\tshirt_28_1771054454817.jpg,tshirt,tshirt_28_1771054454817
tshirt_29_1771054454650,data/images\tshirt_29_1771054454650.jpg,tshirt,tshirt_29_1771054454650
tshirt_2_1771054448590,data/images\tshirt_2_1771054448590.jpg,tshirt,tshirt_2_1771054448590
tshirt_30_1771054455070,data/images\tshirt_30_1771054455070.jpg,tshirt,tshirt_30_1771054455070
tshirt_31_1771054455428,data/images\tshirt_31_1771054455428.jpg,tshirt,tshirt_31_1771054455428
tshirt_32_1771054455944,data/images\tshirt_32_1771054455944.jpg,tshirt,tshirt_32_1771054455944
tshirt_33_1771054455621,data/images\tshirt_33_1771054455621.jpg,tshirt,tshirt_33_1771054455621
tshirt_34_1771054455676,data/images\tshirt_34_1771054455676.jpg,tshirt,tshirt_34_1771054455676
tshirt_35_1771054456022,data/images\tshirt_35_1771054456022.jpg,tshirt,tshirt_35_1771054456022
tshirt_36_1771054456475,data/images\tshirt_36_1771054456475.jpg,tshirt,tshirt_36_1771054456475
tshirt_37_1771054457008,data/images\tshirt_37_1771054457008.jpg,tshirt,tshirt_37_1771054457008
tshirt_38_1771054456652,data/images\tshirt_38_1771054456652.jpg,tshirt,tshirt_38_1771054456652
tshirt_39_1771054456981,data/images\tshirt_39_1771054456981.jpg,tshirt,tshirt_39_1771054456981
tshirt_3_1771054448895,data/images\tshirt_3_1771054448895.jpg,tshirt,tshirt_3_1771054448895
tshirt_40_1771054457069,data/images\tshirt_40_1771054457069.jpg,tshirt,tshirt_40_1771054457069
tshirt_41_1771054457360,data/images\tshirt_41_1771054457360.jpg,tshirt,tshirt_41_1771054457360
tshirt_42_1771054457643,data/images\tshirt_42_1771054457643.jpg,tshirt,tshirt_42_1771054457643
tshirt_43_1771054457983,data/images\tshirt_43_1771054457983.jpg,tshirt,tshirt_43_1771054457983
tshirt_44_1771054458039,data/images\tshirt_44_1771054458039.jpg,tshirt,tshirt_44_1771054458039
tshirt_45_1771054457847,data/images\tshirt_45_1771054457847.jpg,tshirt,tshirt_45_1771054457847
tshirt_46_1771054458477,data/images\tshirt_46_1771054458477.jpg,tshirt,tshirt_46_1771054458477
tshirt_47_1771054459097,data/images\tshirt_47_1771054459097.jpg,tshirt,tshirt_47_1771054459097
tshirt_48_1771054458748,data/images\tshirt_48_1771054458748.jpg,tshirt,tshirt_48_1771054458748
tshirt_49_1771054459076,data/images\tshirt_49_1771054459076.jpg,tshirt,tshirt_49_1771054459076
tshirt_4_1771054449251,data/images\tshirt_4_1771054449251.jpg,tshirt,tshirt_4_1771054449251
tshirt_5_1771054449992,data/images\tshirt_5_1771054449992.jpg,tshirt,tshirt_5_1771054449992
tshirt_6_1771054449825,data/images\tshirt_6_1771054449825.jpg,tshirt,tshirt_6_1771054449825
tshirt_7_1771054449775,data/images\tshirt_7_1771054449775.jpg,tshirt,tshirt_7_1771054449775
tshirt_8_1771054450362,data/images\tshirt_8_1771054450362.jpg,tshirt,tshirt_8_1771054450362
tshirt_9_1771054450072,data/images\tshirt_9_1771054450072.jpg,tshirt,tshirt_9_1771054450072
watch_0_1771054461009,data/images\watch_0_1771054461009.jpg,watch,watch_0_1771054461009
watch_10_1771054463752,data/images\watch_10_1771054463752.jpg,watch,watch_10_1771054463752
watch_11_1771054464100,data/images\watch_11_1771054464100.jpg,watch,watch_11_1771054464100
watch_12_1771054464195,data/images\watch_12_1771054464195.jpg,watch,watch_12_1771054464195
watch_13_1771054464351,data/images\watch_13_1771054464351.jpg,watch,watch_13_1771054464351
watch_14_1771054464418,data/images\watch_14_1771054464418.jpg,watch,watch_14_1771054464418
watch_15_1771054464607,data/images\watch_15_1771054464607.jpg,watch,watch_15_1771054464607
watch_16_1771054465429,data/images\watch_16_1771054465429.jpg,watch,watch_16_1771054465429
watch_17_1771054465282,data/images\watch_17_1771054465282.jpg,watch,watch_17_1771054465282
watch_18_1771054465258,data/images\watch_18_1771054465258.jpg,watch,watch_18_1771054465258
watch_19_1771054465302,data/images\watch_19_1771054465302.jpg,watch,watch_19_1771054465302
watch_1_1771054461885,data/images\watch_1_1771054461885.jpg,watch,watch_1_1771054461885
watch_20_1771054465647,data/images\watch_20_1771054465647.jpg,watch,watch_20_1771054465647
watch_21_1771054466612,data/images\watch_21_1771054466612.jpg,watch,watch_21_1771054466612
watch_22_1771054466655,data/images\watch_22_1771054466655.jpg,watch,watch_22_1771054466655
watch_23_1771054466317,data/images\watch_23_1771054466317.jpg,watch,watch_23_1771054466317
watch_24_1771054466289,data/images\watch_24_1771054466289.jpg,watch,watch_24_1771054466289
watch_25_1771054466794,data/images\watch_25_1771054466794.jpg,watch,watch_25_1771054466794
watch_26_1771054467612,data/images\watch_26_1771054467612.jpg,watch,watch_26_1771054467612
watch_27_1771054467440,data/images\watch_27_1771054467440.jpg,watch,watch_27_1771054467440
watch_28_1771054467968,data/images\watch_28_1771054467968.jpg,watch,watch_28_1771054467968
watch_29_1771054467673,data/images\watch_29_1771054467673.jpg,watch,watch_29_1771054467673
watch_2_1771054461845,data/images\watch_2_1771054461845.jpg,watch,watch_2_1771054461845
watch_30_1771054468170,data/images\watch_30_1771054468170.jpg,watch,watch_30_1771054468170
watch_31_1771054468334,data/images\watch_31_1771054468334.jpg,watch,watch_31_1771054468334
watch_32_1771054468781,data/images\watch_32_1771054468781.jpg,watch,watch_32_1771054468781
watch_33_1771054468640,data/images\watch_33_1771054468640.jpg,watch,watch_33_1771054468640
watch_34_1771054468843,data/images\watch_34_1771054468843.jpg,watch,watch_34_1771054468843
watch_35_1771054469208,data/images\watch_35_1771054469208.jpg,watch,watch_35_1771054469208
watch_36_1771054469328,data/images\watch_36_1771054469328.jpg,watch,watch_36_1771054469328
watch_37_1771054469616,data/images\watch_37_1771054469616.jpg,watch,watch_37_1771054469616
watch_38_1771054470020,data/images\watch_38_1771054470020.jpg,watch,watch_38_1771054470020
watch_39_1771054470235,data/images\watch_39_1771054470235.jpg,watch,watch_39_1771054470235
watch_3_1771054462378,data/images\watch_3_1771054462378.jpg,watch,watch_3_1771054462378
watch_40_1771054470320,data/images\watch_40_1771054470320.jpg,watch,watch_40_1771054470320
watch_41_1771054470887,data/images\watch_41_1771054470887.jpg,watch,watch_41_1771054470887
watch_42_1771054471167,data/images\watch_42_1771054471167.jpg,watch,watch_42_1771054471167
watch_43_1771054471188,data/images\watch_43_1771054471188.jpg,watch,watch_43_1771054471188
watch_44_1771054471333,data/images\watch_44_1771054471333.jpg,watch,watch_44_1771054471333
watch_45_1771054471310,data/images\watch_45_1771054471310.jpg,watch,watch_45_1771054471310
watch_46_1771054471748,data/images\watch_46_1771054471748.jpg,watch,watch_46_1771054471748
watch_47_1771054472535,data/images\watch_47_1771054472535.jpg,watch,watch_47_1771054472535
watch_48_1771054472096,data/images\watch_48_1771054472096.jpg,watch,watch_48_1771054472096
watch_49_1771054472153,data/images\watch_49_1771054472153.jpg,watch,watch_49_1771054472153
watch_4_1771054461807,data/images\watch_4_1771054461807.jpg,watch,watch_4_1771054461807
watch_5_1771054462067,data/images\watch_5_1771054462067.jpg,watch,watch_5_1771054462067
watch_6_1771054462586,data/images\watch_6_1771054462586.jpg,watch,watch_6_1771054462586
watch_7_1771054463303,data/images\watch_7_1771054463303.jpg,watch,watch_7_1771054463303
watch_8_1771054462840,data/images\watch_8_1771054462840.jpg,watch,watch_8_1771054462840
watch_9_1771054463341,data/images\watch_9_1771054463341.jpg,watch,watch_9_1771054463341
